Workbook

Sheet GiaoDich
A1: Ma_GD | B1: Ngay_GD | C1: Loai_GD | D1: Ngan_Hang | E1: So_Tien | F1: Phi_NH | G1: Ma_GD_Sach | H1: Ten_NguoiDung
A2: GD001 | B2: 46300 | C2: Nạp điện thoại | D2: Vietcombank | E2: 100000 | F2: 1100 | G2: =TRIM(A2) -> GD001 | H2: =IFERROR(VLOOKUP(G2,NguoiDung!$D$2:$E$29,2,FALSE()),"KHÔNG TÌM THẤY") -> Nguyễn Minh Anh
A3: GD002 | B3: 46302 | C3: Hoàn tiền | D3: BIDV | E3: 20000 | F3: 220 | G3: =TRIM(A3) -> GD002 | H3: =IFERROR(VLOOKUP(G3,NguoiDung!$D$2:$E$29,2,FALSE()),"KHÔNG TÌM THẤY") -> Trần Quốc Bảo
A4: GD003 | B4: 46305 | C4: Nạp ví | D4: ACB | E4: 120000 | F4: 1320 | G4: =TRIM(A4) -> GD003 | H4: =IFERROR(VLOOKUP(G4,NguoiDung!$D$2:$E$29,2,FALSE()),"KHÔNG TÌM THẤY") -> Lê Thị Cẩm
A5: GD004 | B5: 46308 | C5: Rút tiền | D5: Techcombank | E5: 50000 | F5: 550 | G5: =TRIM(A5) -> GD004 | H5: =IFERROR(VLOOKUP(G5,NguoiDung!$D$2:$E$29,2,FALSE()),"KHÔNG TÌM THẤY") -> Phạm Đức Dũng
A6: GD005 | B6: 46311 | C6: Nạp điện thoại | D6: Vietcombank | E6: 300000 | F6: 3300 | G6: =TRIM(A6) -> GD005 | H6: =IFERROR(VLOOKUP(G6,NguoiDung!$D$2:$E$29,2,FALSE()),"KHÔNG TÌM THẤY") -> Hoàng Thu Hà
A7: GD006 | B7: 46314 | C7: Thanh toán | D7: MB Bank | E7: 80000 | F7: 880 | G7: =TRIM(A7) -> GD006 | H7: =IFERROR(VLOOKUP(G7,NguoiDung!$D$2:$E$29,2,FALSE()),"KHÔNG TÌM THẤY") -> Vũ Gia Hân
A8: GD007 | B8: 46317 | C8: Hoàn tiền | D8: BIDV | E8: 200000 | F8: 2200 | G8: =TRIM(A8) -> GD007 | H8: =IFERROR(VLOOKUP(G8,NguoiDung!$D$2:$E$29,2,FALSE()),"KHÔNG TÌM THẤY") -> Đặng Tuấn Kiệt
A9: GD008 | B9: 46320 | C9: Nạp ví | D9: ACB | E9: 150000 | F9: 1650 | G9: =TRIM(A9) -> GD008 | H9: =IFERROR(VLOOKUP(G9,NguoiDung!$D$2:$E$29,2,FALSE()),"KHÔNG TÌM THẤY") -> Bùi Ngọc Lan
A10: GD009 | B10: 46323 | C10: Rút tiền | D10: Techcombank | E10: 250000 | F10: 2750 | G10: =TRIM(A10) -> GD009 | H10: =IFERROR(VLOOKUP(G10,NguoiDung!$D$2:$E$29,2,FALSE()),"KHÔNG TÌM THẤY") -> Ngô Thanh Mai
A11: GD010 | B11: 46298 | C11: Nạp điện thoại | D11: Vietcombank | E11: 100000 | F11: 1100 | G11: =TRIM(A11) -> GD010 | H11: =IFERROR(VLOOKUP(G11,NguoiDung!$D$2:$E$29,2,FALSE()),"KHÔNG TÌM THẤY") -> Dương Hữu Nam
A12: GD011 | B12: 46301 | C12: Thanh toán | D12: MB Bank | E12: 500000 | F12: 5500 | G12: =TRIM(A12) -> GD011 | H12: =IFERROR(VLOOKUP(G12,NguoiDung!$D$2:$E$29,2,FALSE()),"KHÔNG TÌM THẤY") -> Đỗ Phương Nhi
A13: GD012 | B13: 46304 | C13: Hoàn tiền | D13: BIDV | E13: 20000 | F13: 220 | G13: =TRIM(A13) -> GD012 | H13: =IFERROR(VLOOKUP(G13,NguoiDung!$D$2:$E$29,2,FALSE()),"KHÔNG TÌM THẤY") -> Lý Khánh Phúc
... A31: GD030 | B31: 46302 | C31: Nạp điện thoại | D31: Vietcombank | E31: 100000 | F31: 1100 | G31: =TRIM(A31) -> GD030 | H31: =IFERROR(VLOOKUP(G31,NguoiDung!$D$2:$E$29,2,FALSE()),"KHÔNG TÌM THẤY") -> Quách Mai Linh

Sheet NguoiDung
A1: Ma_GD | B1: Ten_NguoiDung | C1: MSSV | D1: Ma_GD_Sach | E1: Ten_Tra_Cuu
A2: GD001 | B2: Nguyễn Minh Anh | C2: SV20260001 | D2: =TRIM(A2) -> GD001 | E2: =B2 -> Nguyễn Minh Anh
A3: GD002 | B3: Trần Quốc Bảo | C3: SV20260002 | D3: =TRIM(A3) -> GD002 | E3: =B3 -> Trần Quốc Bảo
A4: GD003 | B4: Lê Thị Cẩm | C4: SV20260003 | D4: =TRIM(A4) -> GD003 | E4: =B4 -> Lê Thị Cẩm
A5: GD004 | B5: Phạm Đức Dũng | C5: SV20260004 | D5: =TRIM(A5) -> GD004 | E5: =B5 -> Phạm Đức Dũng
A6: GD005 | B6: Hoàng Thu Hà | C6: SV20260005 | D6: =TRIM(A6) -> GD005 | E6: =B6 -> Hoàng Thu Hà
A7: GD006 | B7: Vũ Gia Hân | C7: SV20260006 | D7: =TRIM(A7) -> GD006 | E7: =B7 -> Vũ Gia Hân
A8: GD007 | B8: Đặng Tuấn Kiệt | C8: SV20260007 | D8: =TRIM(A8) -> GD007 | E8: =B8 -> Đặng Tuấn Kiệt
A9: GD008 | B9: Bùi Ngọc Lan | C9: SV20260008 | D9: =TRIM(A9) -> GD008 | E9: =B9 -> Bùi Ngọc Lan
A10: GD009 | B10: Ngô Thanh Mai | C10: SV20260009 | D10: =TRIM(A10) -> GD009 | E10: =B10 -> Ngô Thanh Mai
A11: GD010 | B11: Dương Hữu Nam | C11: SV20260010 | D11: =TRIM(A11) -> GD010 | E11: =B11 -> Dương Hữu Nam
A12: GD011 | B12: Đỗ Phương Nhi | C12: SV20260011 | D12: =TRIM(A12) -> GD011 | E12: =B12 -> Đỗ Phương Nhi
A13: GD012 | B13: Lý Khánh Phúc | C13: SV20260012 | D13: =TRIM(A13) -> GD012 | E13: =B13 -> Lý Khánh Phúc
... A29: GD030 | B29: Quách Mai Linh | C29: SV20260030 | D29: =TRIM(A29) -> GD030 | E29: =B29 -> Quách Mai Linh

Sheet DoanhThu
A1: Thang | B1: DT_Nap_DienThoai | C1: DT_Nap_Vi | D1: DT_Thanh_Toan | E1: Phi_NganHang | F1: Chi_Hoan_Tien | G1: Tong_DoanhThu | H1: Lai_Rong | I1: Tang_So_Voi_Thang_Truoc
A2: T07/2026 | B2: 120 | C2: 80 | D2: 60 | E2: 45 | F2: 12 | G2: =B2+C2+D2 -> 260 | H2: =G2-E2-F2 -> 203 | I2: -
A3: T08/2026 | B3: 130 | C3: 85 | D3: 70 | E3: 48 | F3: 15 | G3: =B3+C3+D3 -> 285 | H3: =G3-E3-F3 -> 222 | I3: =G3/G2-1 -> 0.096153846
A4: T09/2026 | B4: 140 | C4: 90 | D4: 75 | E4: 50 | F4: 14 | G4: =B4+C4+D4 -> 305 | H4: =G4-E4-F4 -> 241 | I4: =G4/G3-1 -> 0.070175439
A5: T10/2026 | B5: 175 | C5: 100 | D5: 90 | E5: 58 | F5: 18 | G5: =B5+C5+D5 -> 365 | H5: =G5-E5-F5 -> 289 | I5: =G5/G4-1 -> 0.19672131
A7: Đơn vị: triệu VND. Dữ liệu mẫu giả định. Lãi ròng = Tổng doanh thu - Phí ngân hàng - Chi hoàn tiền.
